Data,Produto,Categoria,Quantidade,PrecoUnitario
2024-01-01,Jaqueta,Roupas,1,71.36
2024-01-01,Meia,Acessórios,1,63.69
2024-01-01,Calça Jeans,Roupas,3,36.26
2024-01-02,Meia,Acessórios,4,60.0
2024-01-02,Calça Jeans,Roupas,2,35.8
2024-01-02,Jaqueta,Roupas,2,79.45
2024-01-02,Jaqueta,Roupas,1,192.89
2024-01-03,Boné,Acessórios,1,140.94
2024-01-03,Camiseta,Roupas,3,191.32
2024-01-04,Jaqueta,Roupas,4,122.58
2024-01-04,Boné,Acessórios,2,239.85
2024-01-05,Jaqueta,Roupas,3,295.3
2024-01-05,Camiseta,Roupas,3,260.78
2024-01-05,Meia,Acessórios,1,38.21
2024-01-06,Camiseta,Roupas,4,177.72
2024-01-06,Tênis,Calçados,1,24.47
2024-01-06,Tênis,Calçados,4,87.49
2024-01-06,Jaqueta,Roupas,3,190.8
2024-01-07,Calça Jeans,Roupas,2,129.5
2024-01-07,Tênis,Calçados,4,231.5
2024-01-07,Boné,Acessórios,2,78.22
2024-01-07,Jaqueta,Roupas,2,28.77
2024-01-08,Tênis,Calçados,4,283.06
2024-01-08,Boné,Acessórios,4,187.41
2024-01-09,Boné,Acessórios,3,165.83
2024-01-09,Boné,Acessórios,4,256.47
2024-01-09,Meia,Acessórios,2,171.11
2024-01-09,Tênis,Calçados,1,98.66
2024-01-10,Meia,Acessórios,1,102.96
2024-01-10,Meia,Acessórios,1,24.38
2024-01-10,Camiseta,Roupas,4,130.57
2024-01-10,Calça Jeans,Roupas,3,217.92
2024-01-11,Calça Jeans,Roupas,1,189.67
2024-01-11,Tênis,Calçados,3,202.3
2024-01-11,Jaqueta,Roupas,3,258.01
2024-01-12,Tênis,Calçados,1,37.8
2024-01-12,Boné,Acessórios,4,206.46
2024-01-12,Jaqueta,Roupas,4,96.92
2024-01-12,Calça Jeans,Roupas,1,127.22
2024-01-13,Boné,Acessórios,3,233.02
2024-01-13,Tênis,Calçados,3,235.87
2024-01-13,Calça Jeans,Roupas,1,218.99
2024-01-14,Tênis,Calçados,4,50.21
2024-01-14,Camiseta,Roupas,4,177.72
2024-01-15,Boné,Acessórios,1,89.8
2024-01-15,Meia,Acessórios,3,231.55
2024-01-15,Jaqueta,Roupas,1,41.55
2024-01-15,Calça Jeans,Roupas,3,65.14
2024-01-16,Tênis,Calçados,1,102.78
2024-01-16,Meia,Acessórios,2,147.83
2024-01-17,Jaqueta,Roupas,4,269.92
2024-01-17,Calça Jeans,Roupas,4,246.08
2024-01-17,Jaqueta,Roupas,1,109.04
2024-01-17,Camiseta,Roupas,1,83.82
2024-01-18,Camiseta,Roupas,4,118.72
2024-01-18,Calça Jeans,Roupas,3,66.1
2024-01-19,Camiseta,Roupas,2,82.19
2024-01-19,Calça Jeans,Roupas,2,114.53
2024-01-19,Calça Jeans,Roupas,2,81.25
2024-01-20,Camiseta,Roupas,4,121.82
2024-01-20,Camiseta,Roupas,2,289.49
2024-01-20,Boné,Acessórios,3,159.23
2024-01-20,Camiseta,Roupas,1,99.76
2024-01-21,Calça Jeans,Roupas,1,293.45
2024-01-22,Boné,Acessórios,3,98.02
2024-01-22,Camiseta,Roupas,1,87.08
2024-01-22,Tênis,Calçados,1,157.05
2024-01-22,Boné,Acessórios,4,185.96
2024-01-23,Calça Jeans,Roupas,4,86.54
2024-01-23,Boné,Acessórios,4,151.68
2024-01-23,Tênis,Calçados,2,131.67
2024-01-24,Camiseta,Roupas,1,109.82
2024-01-24,Boné,Acessórios,4,31.42
2024-01-24,Jaqueta,Roupas,4,209.72
2024-01-25,Tênis,Calçados,3,246.66
2024-01-25,Jaqueta,Roupas,4,46.93
2024-01-25,Camiseta,Roupas,1,131.32
2024-01-26,Tênis,Calçados,4,58.51
2024-01-26,Jaqueta,Roupas,1,51.77
2024-01-26,Boné,Acessórios,2,92.22
2024-01-27,Tênis,Calçados,4,175.46
2024-01-27,Jaqueta,Roupas,1,87.72
2024-01-27,Boné,Acessórios,4,176.32
2024-01-27,Calça Jeans,Roupas,3,114.93
2024-01-28,Calça Jeans,Roupas,4,257.07
2024-01-28,Jaqueta,Roupas,4,133.26
2024-01-28,Camiseta,Roupas,4,258.26
2024-01-29,Jaqueta,Roupas,2,207.32
2024-01-30,Calça Jeans,Roupas,4,48.41
2024-01-30,Calça Jeans,Roupas,1,21.42
2024-01-31,Boné,Acessórios,2,155.97
2024-01-31,Calça Jeans,Roupas,4,298.45
2024-01-31,Jaqueta,Roupas,1,25.06
2024-01-31,Boné,Acessórios,1,70.07
2024-02-01,Calça Jeans,Roupas,1,106.26
2024-02-01,Jaqueta,Roupas,3,122.96
2024-02-01,Boné,Acessórios,2,185.16
2024-02-01,Boné,Acessórios,1,156.29
2024-02-02,Calça Jeans,Roupas,3,242.55
2024-02-02,Boné,Acessórios,1,181.53
2024-02-02,Camiseta,Roupas,1,84.45
2024-02-02,Calça Jeans,Roupas,4,26.81
2024-02-03,Camiseta,Roupas,4,283.33
2024-02-04,Boné,Acessórios,1,267.38
2024-02-05,Camiseta,Roupas,1,279.93
2024-02-05,Camiseta,Roupas,2,290.66
2024-02-05,Calça Jeans,Roupas,4,258.84
2024-02-05,Meia,Acessórios,1,73.46
2024-02-06,Calça Jeans,Roupas,4,124.35
2024-02-07,Boné,Acessórios,2,280.4
2024-02-07,Boné,Acessórios,4,78.5
2024-02-08,Boné,Acessórios,3,59.22
2024-02-08,Calça Jeans,Roupas,2,265.66
2024-02-08,Camiseta,Roupas,4,215.16
2024-02-09,Boné,Acessórios,4,174.79
2024-02-09,Tênis,Calçados,3,137.54
2024-02-09,Tênis,Calçados,1,191.22
2024-02-10,Tênis,Calçados,3,160.42
2024-02-10,Meia,Acessórios,4,201.99
2024-02-10,Boné,Acessórios,4,34.22
2024-02-10,Calça Jeans,Roupas,3,27.73
2024-02-11,Tênis,Calçados,4,181.92
2024-02-11,Boné,Acessórios,3,150.37
2024-02-12,Boné,Acessórios,1,254.9
2024-02-12,Tênis,Calçados,2,90.07
2024-02-12,Tênis,Calçados,2,104.91
2024-02-13,Jaqueta,Roupas,1,166.23
2024-02-13,Meia,Acessórios,4,80.43
2024-02-13,Meia,Acessórios,3,43.9
2024-02-14,Jaqueta,Roupas,2,171.38
2024-02-15,Jaqueta,Roupas,4,293.24
2024-02-15,Jaqueta,Roupas,2,110.43
2024-02-15,Camiseta,Roupas,4,95.83
2024-02-16,Tênis,Calçados,3,90.24
2024-02-16,Tênis,Calçados,1,42.64
2024-02-16,Camiseta,Roupas,4,134.51
2024-02-16,Tênis,Calçados,2,63.8
2024-02-17,Boné,Acessórios,2,220.09
2024-02-17,Meia,Acessórios,1,198.72
2024-02-18,Meia,Acessórios,2,224.41
2024-02-19,Jaqueta,Roupas,2,119.67
2024-02-19,Meia,Acessórios,2,24.03
2024-02-19,Boné,Acessórios,4,32.88
2024-02-20,Boné,Acessórios,2,294.26
2024-02-21,Jaqueta,Roupas,4,47.39
2024-02-22,Meia,Acessórios,3,116.97
2024-02-22,Boné,Acessórios,2,201.94
2024-02-22,Tênis,Calçados,2,285.76
2024-02-22,Jaqueta,Roupas,2,93.05
2024-02-23,Tênis,Calçados,3,160.88
2024-02-23,Camiseta,Roupas,4,204.43
2024-02-24,Tênis,Calçados,1,262.82
2024-02-24,Calça Jeans,Roupas,4,181.13
2024-02-24,Tênis,Calçados,3,200.12
2024-02-24,Camiseta,Roupas,1,172.77
2024-02-25,Jaqueta,Roupas,3,249.72
2024-02-26,Tênis,Calçados,3,74.82
2024-02-26,Meia,Acessórios,4,48.22
2024-02-26,Tênis,Calçados,1,46.44
2024-02-26,Calça Jeans,Roupas,3,39.93
2024-02-27,Meia,Acessórios,2,210.85
2024-02-27,Boné,Acessórios,2,92.99
2024-02-27,Jaqueta,Roupas,2,215.09
2024-02-27,Meia,Acessórios,3,265.69
2024-02-28,Camiseta,Roupas,1,290.92
2024-02-28,Jaqueta,Roupas,2,138.57
2024-02-28,Calça Jeans,Roupas,1,224.86
2024-02-28,Jaqueta,Roupas,2,90.0
2024-02-29,Boné,Acessórios,4,260.36
2024-02-29,Camiseta,Roupas,3,230.24
2024-02-29,Camiseta,Roupas,3,48.87
2024-02-29,Camiseta,Roupas,1,161.47
2024-03-01,Camiseta,Roupas,2,103.34
2024-03-01,Calça Jeans,Roupas,1,34.98
2024-03-01,Meia,Acessórios,1,257.2
2024-03-01,Camiseta,Roupas,3,287.9
2024-03-02,Jaqueta,Roupas,3,158.05
2024-03-02,Meia,Acessórios,1,102.1
2024-03-02,Camiseta,Roupas,4,208.31
2024-03-03,Meia,Acessórios,3,238.76
2024-03-03,Meia,Acessórios,1,158.44
2024-03-03,Boné,Acessórios,3,35.64
2024-03-03,Calça Jeans,Roupas,3,172.86
2024-03-04,Tênis,Calçados,3,60.04
2024-03-04,Tênis,Calçados,2,193.1
2024-03-04,Meia,Acessórios,2,43.55
2024-03-05,Tênis,Calçados,1,250.12
2024-03-06,Tênis,Calçados,1,163.73
2024-03-06,Boné,Acessórios,3,182.77
2024-03-07,Camiseta,Roupas,2,247.58
2024-03-08,Camiseta,Roupas,1,230.95
2024-03-08,Boné,Acessórios,4,43.38
2024-03-08,Meia,Acessórios,4,176.35
2024-03-09,Tênis,Calçados,2,112.47
2024-03-09,Boné,Acessórios,3,91.03
2024-03-09,Tênis,Calçados,4,180.01
2024-03-10,Jaqueta,Roupas,4,52.91
2024-03-10,Camiseta,Roupas,3,228.89
2024-03-10,Meia,Acessórios,4,289.41
2024-03-10,Jaqueta,Roupas,1,43.21
2024-03-11,Boné,Acessórios,1,289.7
2024-03-12,Meia,Acessórios,4,175.68
2024-03-12,Meia,Acessórios,4,167.76
2024-03-12,Calça Jeans,Roupas,4,40.66
2024-03-12,Calça Jeans,Roupas,3,291.4
2024-03-13,Camiseta,Roupas,1,214.81
2024-03-13,Camiseta,Roupas,1,215.14
2024-03-14,Camiseta,Roupas,3,98.67
2024-03-14,Boné,Acessórios,4,49.89
2024-03-14,Meia,Acessórios,4,67.51
2024-03-15,Tênis,Calçados,4,118.94
2024-03-15,Tênis,Calçados,4,41.77
2024-03-15,Camiseta,Roupas,4,296.14
2024-03-15,Boné,Acessórios,3,170.11
2024-03-16,Meia,Acessórios,4,188.78
2024-03-17,Meia,Acessórios,1,275.06
2024-03-17,Meia,Acessórios,2,285.94
2024-03-17,Meia,Acessórios,3,277.37
2024-03-17,Tênis,Calçados,4,265.47
2024-03-18,Meia,Acessórios,1,27.38
2024-03-18,Camiseta,Roupas,2,246.95
2024-03-18,Camiseta,Roupas,3,186.36
2024-03-19,Camiseta,Roupas,2,252.17
2024-03-19,Camiseta,Roupas,1,37.78
2024-03-19,Camiseta,Roupas,3,57.48
2024-03-20,Boné,Acessórios,4,247.61
2024-03-21,Meia,Acessórios,2,275.69
2024-03-21,Meia,Acessórios,1,284.53
2024-03-21,Tênis,Calçados,3,89.26
2024-03-22,Camiseta,Roupas,2,90.4
2024-03-22,Meia,Acessórios,1,78.02
2024-03-23,Camiseta,Roupas,4,193.08
2024-03-24,Tênis,Calçados,2,165.69
2024-03-24,Boné,Acessórios,3,165.65
2024-03-24,Jaqueta,Roupas,1,174.53
2024-03-24,Meia,Acessórios,2,265.46
2024-03-25,Camiseta,Roupas,4,154.41
2024-03-26,Meia,Acessórios,1,199.02
2024-03-26,Calça Jeans,Roupas,3,272.88
2024-03-26,Jaqueta,Roupas,2,118.16
2024-03-27,Tênis,Calçados,2,175.35
2024-03-27,Calça Jeans,Roupas,3,223.39
2024-03-28,Boné,Acessórios,1,239.42
2024-03-29,Boné,Acessórios,3,166.61
2024-03-29,Camiseta,Roupas,1,243.01
2024-03-29,Tênis,Calçados,4,255.79
2024-03-29,Camiseta,Roupas,4,38.55
2024-03-30,Tênis,Calçados,2,157.93
2024-03-31,Boné,Acessórios,3,182.3
2024-04-01,Calça Jeans,Roupas,3,56.09
2024-04-01,Calça Jeans,Roupas,2,215.35
2024-04-01,Jaqueta,Roupas,4,215.02
2024-04-02,Calça Jeans,Roupas,4,152.71
2024-04-03,Tênis,Calçados,1,73.84
2024-04-04,Meia,Acessórios,1,116.62
2024-04-04,Tênis,Calçados,1,28.91
2024-04-04,Boné,Acessórios,1,169.64
2024-04-05,Tênis,Calçados,2,122.0
2024-04-05,Boné,Acessórios,2,213.31
2024-04-05,Camiseta,Roupas,2,243.83
2024-04-05,Camiseta,Roupas,2,42.89
2024-04-06,Calça Jeans,Roupas,3,125.64
2024-04-06,Camiseta,Roupas,2,263.12
2024-04-07,Camiseta,Roupas,3,71.67
2024-04-07,Boné,Acessórios,2,193.11
2024-04-07,Boné,Acessórios,4,221.74
2024-04-07,Tênis,Calçados,2,61.37
2024-04-08,Calça Jeans,Roupas,3,256.44
2024-04-08,Calça Jeans,Roupas,3,28.53
2024-04-08,Tênis,Calçados,2,119.16
2024-04-09,Camiseta,Roupas,3,125.64
2024-04-09,Tênis,Calçados,3,110.18
2024-04-09,Boné,Acessórios,2,169.89
2024-04-10,Camiseta,Roupas,1,186.21
2024-04-11,Tênis,Calçados,3,201.67
2024-04-11,Tênis,Calçados,3,183.58
2024-04-11,Boné,Acessórios,2,176.17
2024-04-11,Camiseta,Roupas,4,55.72
2024-04-12,Meia,Acessórios,2,271.9
2024-04-13,Tênis,Calçados,3,119.71
2024-04-13,Meia,Acessórios,2,189.62
2024-04-13,Camiseta,Roupas,1,48.5
2024-04-13,Boné,Acessórios,2,88.87
2024-04-14,Boné,Acessórios,3,44.61
2024-04-14,Boné,Acessórios,3,35.58
2024-04-14,Camiseta,Roupas,3,34.46
2024-04-14,Meia,Acessórios,4,299.23
2024-04-15,Tênis,Calçados,4,291.45
2024-04-15,Jaqueta,Roupas,3,248.78
2024-04-16,Boné,Acessórios,4,222.41
2024-04-17,Camiseta,Roupas,2,175.89
2024-04-17,Tênis,Calçados,3,254.8
2024-04-18,Boné,Acessórios,2,110.63
2024-04-19,Jaqueta,Roupas,1,226.15
2024-04-19,Jaqueta,Roupas,3,218.02
2024-04-19,Boné,Acessórios,4,44.44
2024-04-20,Calça Jeans,Roupas,3,154.72
2024-04-20,Calça Jeans,Roupas,3,34.51
2024-04-21,Tênis,Calçados,1,37.74
2024-04-21,Jaqueta,Roupas,2,110.26
2024-04-22,Jaqueta,Roupas,1,58.87
2024-04-22,Camiseta,Roupas,1,52.67
2024-04-23,Boné,Acessórios,3,242.4
2024-04-23,Camiseta,Roupas,1,252.57
2024-04-23,Jaqueta,Roupas,2,54.8
2024-04-24,Calça Jeans,Roupas,1,77.4
2024-04-24,Calça Jeans,Roupas,3,279.41
2024-04-24,Boné,Acessórios,4,255.71
2024-04-24,Calça Jeans,Roupas,1,230.14
2024-04-25,Boné,Acessórios,3,65.99
2024-04-25,Meia,Acessórios,3,206.26
2024-04-25,Tênis,Calçados,2,120.47
2024-04-25,Meia,Acessórios,2,129.88
2024-04-26,Boné,Acessórios,4,149.55
2024-04-26,Boné,Acessórios,1,229.33
2024-04-26,Camiseta,Roupas,1,119.5
2024-04-26,Tênis,Calçados,2,38.65
2024-04-27,Calça Jeans,Roupas,3,52.73
2024-04-27,Boné,Acessórios,3,195.76
2024-04-27,Tênis,Calçados,4,66.68
2024-04-27,Meia,Acessórios,1,169.37
2024-04-28,Calça Jeans,Roupas,4,299.35
2024-04-28,Camiseta,Roupas,1,217.95
2024-04-28,Calça Jeans,Roupas,3,60.08
2024-04-29,Boné,Acessórios,2,233.49
2024-04-29,Calça Jeans,Roupas,2,115.78
2024-04-29,Boné,Acessórios,1,50.98
2024-04-29,Jaqueta,Roupas,1,55.7
2024-04-30,Meia,Acessórios,4,61.98
2024-04-30,Jaqueta,Roupas,4,236.13
2024-04-30,Calça Jeans,Roupas,3,187.56
2024-04-30,Jaqueta,Roupas,4,220.53
2024-05-01,Meia,Acessórios,4,70.85
2024-05-01,Tênis,Calçados,4,183.35
2024-05-01,Tênis,Calçados,2,192.19
2024-05-02,Meia,Acessórios,4,161.65
2024-05-02,Camiseta,Roupas,1,25.07
2024-05-03,Calça Jeans,Roupas,4,48.62
2024-05-03,Jaqueta,Roupas,1,278.3
2024-05-03,Tênis,Calçados,1,181.36
2024-05-03,Tênis,Calçados,1,138.76
2024-05-04,Boné,Acessórios,4,255.32
2024-05-05,Camiseta,Roupas,2,86.05
2024-05-05,Tênis,Calçados,2,72.17
2024-05-05,Camiseta,Roupas,1,263.57
2024-05-06,Calça Jeans,Roupas,4,190.21
2024-05-06,Camiseta,Roupas,1,113.86
2024-05-06,Jaqueta,Roupas,1,21.3
2024-05-07,Calça Jeans,Roupas,3,136.06
2024-05-08,Calça Jeans,Roupas,2,116.98
2024-05-08,Tênis,Calçados,3,226.5
2024-05-09,Calça Jeans,Roupas,3,146.68
2024-05-10,Boné,Acessórios,4,181.74
2024-05-10,Jaqueta,Roupas,2,29.49
2024-05-10,Camiseta,Roupas,1,238.54
2024-05-11,Boné,Acessórios,2,23.67
2024-05-11,Meia,Acessórios,1,69.85
2024-05-11,Jaqueta,Roupas,1,61.63
2024-05-12,Boné,Acessórios,4,169.82
2024-05-12,Camiseta,Roupas,3,186.71
2024-05-13,Boné,Acessórios,3,139.5
2024-05-14,Calça Jeans,Roupas,2,77.44
2024-05-14,Meia,Acessórios,1,30.23
2024-05-14,Boné,Acessórios,4,178.16
2024-05-14,Tênis,Calçados,1,237.15
2024-05-15,Tênis,Calçados,2,169.65
2024-05-15,Camiseta,Roupas,2,159.16
2024-05-15,Calça Jeans,Roupas,3,48.83
2024-05-16,Meia,Acessórios,3,284.91
2024-05-16,Tênis,Calçados,2,271.28
2024-05-16,Tênis,Calçados,4,244.21
2024-05-16,Jaqueta,Roupas,4,220.47
2024-05-17,Camiseta,Roupas,1,82.15
2024-05-18,Calça Jeans,Roupas,3,25.52
2024-05-18,Boné,Acessórios,1,243.98
2024-05-18,Calça Jeans,Roupas,3,202.77
2024-05-18,Tênis,Calçados,3,88.09
2024-05-19,Boné,Acessórios,3,289.54
2024-05-19,Jaqueta,Roupas,1,59.5
2024-05-20,Tênis,Calçados,3,197.31
2024-05-20,Camiseta,Roupas,3,257.48
2024-05-21,Meia,Acessórios,3,183.25
2024-05-21,Jaqueta,Roupas,2,269.95
2024-05-21,Meia,Acessórios,4,114.04
2024-05-21,Tênis,Calçados,3,185.28
2024-05-22,Jaqueta,Roupas,1,116.65
2024-05-22,Boné,Acessórios,1,142.12
2024-05-22,Jaqueta,Roupas,3,285.57
2024-05-22,Boné,Acessórios,4,59.23
2024-05-23,Boné,Acessórios,4,295.9
2024-05-23,Camiseta,Roupas,2,26.29
2024-05-24,Camiseta,Roupas,4,215.68
2024-05-24,Camiseta,Roupas,3,81.05
2024-05-25,Calça Jeans,Roupas,2,295.63
2024-05-25,Tênis,Calçados,1,68.07
2024-05-26,Meia,Acessórios,3,250.32
2024-05-26,Meia,Acessórios,2,181.42
2024-05-26,Boné,Acessórios,2,175.17
2024-05-27,Boné,Acessórios,2,221.66
2024-05-28,Tênis,Calçados,2,58.33
2024-05-29,Boné,Acessórios,3,187.28
2024-05-30,Meia,Acessórios,1,158.4
2024-05-30,Tênis,Calçados,1,254.67
2024-05-30,Meia,Acessórios,4,235.86
2024-05-30,Boné,Acessórios,4,119.08
2024-05-31,Calça Jeans,Roupas,1,43.18
2024-05-31,Jaqueta,Roupas,3,88.7
2024-06-01,Calça Jeans,Roupas,4,142.41
2024-06-02,Camiseta,Roupas,3,103.19
2024-06-02,Calça Jeans,Roupas,2,153.29
2024-06-02,Boné,Acessórios,2,225.12
2024-06-02,Camiseta,Roupas,2,28.73
2024-06-03,Calça Jeans,Roupas,3,255.63
2024-06-03,Camiseta,Roupas,2,287.47
2024-06-03,Calça Jeans,Roupas,2,194.53
2024-06-03,Tênis,Calçados,1,116.43
2024-06-04,Camiseta,Roupas,1,158.74
2024-06-04,Calça Jeans,Roupas,4,141.75
2024-06-04,Calça Jeans,Roupas,3,41.77
2024-06-04,Jaqueta,Roupas,4,290.96
2024-06-05,Tênis,Calçados,4,121.07
2024-06-05,Jaqueta,Roupas,3,276.85
2024-06-06,Camiseta,Roupas,2,213.36
2024-06-07,Jaqueta,Roupas,2,288.29
2024-06-08,Meia,Acessórios,1,204.46
2024-06-08,Boné,Acessórios,4,257.77
2024-06-08,Camiseta,Roupas,2,157.04
2024-06-09,Calça Jeans,Roupas,2,34.45
2024-06-09,Tênis,Calçados,3,32.37
2024-06-09,Camiseta,Roupas,3,175.63
2024-06-10,Tênis,Calçados,3,29.5
2024-06-10,Meia,Acessórios,3,103.26
2024-06-11,Tênis,Calçados,3,284.39
2024-06-11,Tênis,Calçados,3,261.37
2024-06-11,Calça Jeans,Roupas,2,166.28
2024-06-11,Camiseta,Roupas,2,186.96
2024-06-12,Jaqueta,Roupas,4,154.7
2024-06-12,Calça Jeans,Roupas,1,168.47
2024-06-12,Tênis,Calçados,3,133.26
2024-06-13,Camiseta,Roupas,4,241.4
2024-06-13,Camiseta,Roupas,1,195.25
2024-06-13,Meia,Acessórios,2,265.47
2024-06-14,Calça Jeans,Roupas,2,297.3
2024-06-14,Calça Jeans,Roupas,3,71.93
2024-06-15,Calça Jeans,Roupas,3,299.42
2024-06-15,Jaqueta,Roupas,1,234.81
2024-06-16,Boné,Acessórios,1,154.34
2024-06-17,Jaqueta,Roupas,3,131.52
2024-06-17,Boné,Acessórios,1,114.18
2024-06-17,Jaqueta,Roupas,1,225.04
2024-06-17,Camiseta,Roupas,3,150.85
2024-06-18,Boné,Acessórios,2,102.97
2024-06-18,Boné,Acessórios,1,31.79
2024-06-18,Camiseta,Roupas,1,296.56
2024-06-18,Camiseta,Roupas,3,127.61
2024-06-19,Jaqueta,Roupas,4,287.8
2024-06-19,Meia,Acessórios,1,92.52
2024-06-19,Jaqueta,Roupas,2,295.05
2024-06-19,Boné,Acessórios,4,150.87
2024-06-20,Tênis,Calçados,1,228.14
2024-06-21,Calça Jeans,Roupas,4,283.96
2024-06-21,Boné,Acessórios,1,252.58
2024-06-21,Boné,Acessórios,2,33.14
2024-06-21,Camiseta,Roupas,2,30.28
2024-06-22,Calça Jeans,Roupas,4,118.04
2024-06-22,Meia,Acessórios,2,291.35
2024-06-23,Camiseta,Roupas,3,187.24
2024-06-24,Meia,Acessórios,3,130.95
2024-06-25,Tênis,Calçados,2,298.97
2024-06-25,Calça Jeans,Roupas,4,149.75
2024-06-26,Meia,Acessórios,3,29.76
2024-06-27,Boné,Acessórios,1,45.62
2024-06-27,Camiseta,Roupas,4,94.37
2024-06-27,Jaqueta,Roupas,1,268.85
2024-06-27,Camiseta,Roupas,2,261.4
2024-06-28,Camiseta,Roupas,1,225.86
2024-06-29,Jaqueta,Roupas,3,21.42
2024-06-29,Calça Jeans,Roupas,1,33.66
2024-06-30,Boné,Acessórios,1,81.65
2024-06-30,Meia,Acessórios,4,41.32
2024-07-01,Tênis,Calçados,4,267.21
2024-07-02,Meia,Acessórios,3,250.91
2024-07-02,Tênis,Calçados,4,178.4
2024-07-03,Camiseta,Roupas,2,165.95
2024-07-04,Jaqueta,Roupas,1,64.06
2024-07-04,Camiseta,Roupas,1,254.36
2024-07-04,Camiseta,Roupas,1,210.44
2024-07-04,Calça Jeans,Roupas,2,72.98
2024-07-05,Calça Jeans,Roupas,1,264.12
2024-07-06,Tênis,Calçados,2,249.59
2024-07-06,Meia,Acessórios,2,274.44
2024-07-06,Tênis,Calçados,4,175.73
2024-07-07,Meia,Acessórios,4,21.79
2024-07-08,Meia,Acessórios,2,111.4
2024-07-08,Camiseta,Roupas,1,52.44
2024-07-08,Tênis,Calçados,4,22.54
2024-07-08,Meia,Acessórios,3,55.97
2024-07-09,Boné,Acessórios,3,171.55
2024-07-09,Tênis,Calçados,3,129.8
2024-07-09,Boné,Acessórios,1,48.7
2024-07-10,Jaqueta,Roupas,4,235.84
2024-07-10,Jaqueta,Roupas,3,66.59
2024-07-10,Jaqueta,Roupas,2,218.4
2024-07-10,Boné,Acessórios,1,36.22
2024-07-11,Calça Jeans,Roupas,2,264.03
2024-07-11,Meia,Acessórios,4,229.9
2024-07-11,Calça Jeans,Roupas,4,232.31
2024-07-11,Meia,Acessórios,3,250.02
2024-07-12,Calça Jeans,Roupas,3,211.32
2024-07-12,Tênis,Calçados,2,96.62
2024-07-12,Meia,Acessórios,4,139.33
2024-07-13,Camiseta,Roupas,3,167.57
2024-07-14,Meia,Acessórios,3,81.82
2024-07-15,Boné,Acessórios,4,203.26
2024-07-15,Calça Jeans,Roupas,3,286.24
2024-07-16,Jaqueta,Roupas,1,284.21
2024-07-16,Meia,Acessórios,3,290.07
2024-07-16,Calça Jeans,Roupas,1,143.84
2024-07-16,Calça Jeans,Roupas,1,109.81
2024-07-17,Tênis,Calçados,1,76.1
2024-07-17,Camiseta,Roupas,1,220.18
2024-07-18,Jaqueta,Roupas,4,172.11
2024-07-18,Jaqueta,Roupas,2,77.04
2024-07-19,Meia,Acessórios,4,235.86
2024-07-20,Tênis,Calçados,4,25.0
2024-07-20,Meia,Acessórios,4,102.37
2024-07-21,Jaqueta,Roupas,2,192.66
2024-07-21,Boné,Acessórios,3,154.83
2024-07-21,Boné,Acessórios,3,55.05
2024-07-21,Jaqueta,Roupas,4,140.49
2024-07-22,Camiseta,Roupas,4,37.98
2024-07-22,Boné,Acessórios,1,95.32
2024-07-23,Calça Jeans,Roupas,4,147.46
2024-07-23,Meia,Acessórios,2,210.53
2024-07-23,Tênis,Calçados,2,292.92
2024-07-23,Boné,Acessórios,4,203.96
2024-07-24,Camiseta,Roupas,4,238.36
2024-07-25,Calça Jeans,Roupas,2,229.77
2024-07-25,Camiseta,Roupas,1,48.78
2024-07-25,Boné,Acessórios,4,25.14
2024-07-25,Boné,Acessórios,2,78.9
2024-07-26,Tênis,Calçados,4,22.74
2024-07-27,Camiseta,Roupas,2,169.59
2024-07-27,Camiseta,Roupas,1,43.1
2024-07-27,Meia,Acessórios,4,120.18
2024-07-27,Tênis,Calçados,2,178.91
2024-07-28,Tênis,Calçados,2,250.0
2024-07-28,Tênis,Calçados,3,207.71
2024-07-29,Calça Jeans,Roupas,1,217.81
2024-07-29,Boné,Acessórios,1,282.14
2024-07-29,Camiseta,Roupas,2,281.86
2024-07-29,Tênis,Calçados,4,244.48
2024-07-30,Calça Jeans,Roupas,3,42.43
2024-07-30,Jaqueta,Roupas,4,173.33
2024-07-31,Boné,Acessórios,2,154.65
2024-07-31,Camiseta,Roupas,4,224.85
2024-08-01,Tênis,Calçados,2,186.12
2024-08-01,Jaqueta,Roupas,1,154.2
2024-08-01,Calça Jeans,Roupas,2,112.12
2024-08-02,Jaqueta,Roupas,1,70.99
2024-08-02,Meia,Acessórios,3,32.23
2024-08-03,Tênis,Calçados,2,221.38
2024-08-03,Boné,Acessórios,1,298.97
2024-08-03,Camiseta,Roupas,3,202.09
2024-08-03,Tênis,Calçados,3,210.46
2024-08-04,Boné,Acessórios,3,77.0
2024-08-05,Jaqueta,Roupas,1,263.12
2024-08-05,Tênis,Calçados,1,256.95
2024-08-05,Meia,Acessórios,4,225.9
2024-08-06,Jaqueta,Roupas,4,31.23
2024-08-06,Camiseta,Roupas,3,182.03
2024-08-07,Tênis,Calçados,1,130.74
2024-08-07,Jaqueta,Roupas,2,187.36
2024-08-07,Jaqueta,Roupas,2,203.4
2024-08-07,Calça Jeans,Roupas,3,99.48
2024-08-08,Jaqueta,Roupas,3,194.43
2024-08-09,Meia,Acessórios,3,86.02
2024-08-09,Tênis,Calçados,4,133.49
2024-08-09,Boné,Acessórios,3,197.11
2024-08-09,Boné,Acessórios,2,163.53
2024-08-10,Meia,Acessórios,2,157.84
2024-08-11,Boné,Acessórios,4,133.41
2024-08-11,Boné,Acessórios,4,182.24
2024-08-12,Tênis,Calçados,3,65.79
2024-08-12,Calça Jeans,Roupas,1,291.44
2024-08-12,Tênis,Calçados,3,203.89
2024-08-12,Camiseta,Roupas,4,187.64
2024-08-13,Meia,Acessórios,3,147.06
2024-08-13,Calça Jeans,Roupas,2,40.58
2024-08-13,Boné,Acessórios,4,165.54
2024-08-13,Tênis,Calçados,4,252.09
2024-08-14,Meia,Acessórios,4,184.61
2024-08-15,Camiseta,Roupas,1,66.77
2024-08-15,Jaqueta,Roupas,4,30.27
2024-08-15,Meia,Acessórios,3,205.87
2024-08-15,Meia,Acessórios,1,256.37
2024-08-16,Jaqueta,Roupas,3,263.12
2024-08-16,Jaqueta,Roupas,3,51.34
2024-08-16,Tênis,Calçados,2,35.98
2024-08-16,Meia,Acessórios,4,34.48
2024-08-17,Calça Jeans,Roupas,2,70.4
2024-08-18,Meia,Acessórios,1,162.03
2024-08-18,Boné,Acessórios,4,61.54
2024-08-18,Meia,Acessórios,2,290.23
2024-08-19,Boné,Acessórios,2,110.48
2024-08-19,Meia,Acessórios,1,182.43
2024-08-19,Calça Jeans,Roupas,2,115.94
2024-08-20,Jaqueta,Roupas,3,28.39
2024-08-20,Meia,Acessórios,4,217.31
2024-08-21,Jaqueta,Roupas,3,65.47
2024-08-21,Meia,Acessórios,1,224.63
2024-08-22,Boné,Acessórios,1,289.74
2024-08-23,Tênis,Calçados,1,254.67
2024-08-23,Tênis,Calçados,3,211.31
2024-08-23,Tênis,Calçados,2,193.0
2024-08-24,Camiseta,Roupas,4,51.67
2024-08-24,Camiseta,Roupas,2,277.23
2024-08-24,Camiseta,Roupas,3,283.45
2024-08-24,Boné,Acessórios,1,206.75
2024-08-25,Tênis,Calçados,2,204.2
2024-08-26,Boné,Acessórios,3,293.61
2024-08-26,Camiseta,Roupas,1,263.81
2024-08-27,Meia,Acessórios,1,100.83
2024-08-28,Jaqueta,Roupas,2,133.16
2024-08-28,Boné,Acessórios,4,206.93
2024-08-28,Boné,Acessórios,2,233.44
2024-08-29,Calça Jeans,Roupas,1,248.99
2024-08-30,Boné,Acessórios,2,201.74
2024-08-30,Meia,Acessórios,3,196.46
2024-08-30,Tênis,Calçados,3,177.76
2024-08-30,Calça Jeans,Roupas,4,173.58
2024-08-31,Camiseta,Roupas,4,124.51
2024-09-01,Boné,Acessórios,2,184.38
2024-09-01,Boné,Acessórios,2,193.46
2024-09-01,Boné,Acessórios,1,126.34
2024-09-01,Tênis,Calçados,4,165.34
2024-09-02,Jaqueta,Roupas,1,247.85
2024-09-02,Camiseta,Roupas,4,61.72
2024-09-03,Meia,Acessórios,3,169.41
2024-09-03,Calça Jeans,Roupas,4,173.84
2024-09-03,Boné,Acessórios,2,220.34
2024-09-03,Calça Jeans,Roupas,1,250.27
2024-09-04,Meia,Acessórios,4,287.3
2024-09-04,Jaqueta,Roupas,3,126.42
2024-09-04,Jaqueta,Roupas,1,154.17
2024-09-05,Tênis,Calçados,2,156.04
2024-09-05,Meia,Acessórios,4,207.63
2024-09-05,Meia,Acessórios,3,169.03
2024-09-06,Tênis,Calçados,4,220.94
2024-09-06,Tênis,Calçados,1,293.48
2024-09-06,Tênis,Calçados,1,166.29
2024-09-06,Jaqueta,Roupas,2,243.94
2024-09-07,Camiseta,Roupas,2,71.86
2024-09-07,Jaqueta,Roupas,4,155.39
2024-09-07,Boné,Acessórios,1,124.58
2024-09-08,Tênis,Calçados,3,286.39
2024-09-09,Boné,Acessórios,2,164.25
2024-09-09,Jaqueta,Roupas,1,242.25
2024-09-09,Tênis,Calçados,4,135.09
2024-09-10,Tênis,Calçados,4,235.58
2024-09-11,Tênis,Calçados,3,238.55
2024-09-12,Calça Jeans,Roupas,4,138.65
2024-09-12,Tênis,Calçados,1,46.75
2024-09-13,Tênis,Calçados,1,138.7
2024-09-13,Meia,Acessórios,3,85.87
2024-09-13,Jaqueta,Roupas,2,152.41
2024-09-13,Meia,Acessórios,1,69.96
2024-09-14,Calça Jeans,Roupas,4,77.73
2024-09-15,Tênis,Calçados,1,129.45
2024-09-15,Meia,Acessórios,1,159.09
2024-09-15,Tênis,Calçados,4,58.2
2024-09-16,Tênis,Calçados,3,143.96
2024-09-17,Camiseta,Roupas,1,24.43
2024-09-18,Jaqueta,Roupas,2,49.15
2024-09-18,Tênis,Calçados,2,181.95
2024-09-18,Meia,Acessórios,2,94.17
2024-09-18,Meia,Acessórios,1,186.81
2024-09-19,Camiseta,Roupas,3,116.2
2024-09-20,Jaqueta,Roupas,1,165.34
2024-09-20,Tênis,Calçados,4,244.1
2024-09-20,Calça Jeans,Roupas,4,171.2
2024-09-21,Tênis,Calçados,3,169.23
2024-09-21,Meia,Acessórios,2,113.24
2024-09-22,Tênis,Calçados,3,125.97
2024-09-22,Boné,Acessórios,1,298.73
2024-09-23,Boné,Acessórios,4,36.84
2024-09-23,Jaqueta,Roupas,2,288.14
2024-09-23,Meia,Acessórios,1,213.2
2024-09-24,Tênis,Calçados,2,138.35
2024-09-25,Jaqueta,Roupas,1,104.24
2024-09-25,Jaqueta,Roupas,3,279.61
2024-09-25,Meia,Acessórios,3,131.81
2024-09-26,Boné,Acessórios,1,226.41
2024-09-26,Jaqueta,Roupas,1,255.77
2024-09-26,Meia,Acessórios,4,194.6
2024-09-26,Tênis,Calçados,4,231.48
2024-09-27,Meia,Acessórios,4,161.91
2024-09-28,Tênis,Calçados,1,30.12
2024-09-28,Camiseta,Roupas,3,93.67
2024-09-28,Tênis,Calçados,1,44.54
2024-09-28,Calça Jeans,Roupas,1,175.06
2024-09-29,Calça Jeans,Roupas,4,98.32
2024-09-29,Tênis,Calçados,4,264.53
2024-09-29,Boné,Acessórios,3,240.16
2024-09-30,Boné,Acessórios,4,258.4
2024-09-30,Tênis,Calçados,4,280.57
2024-09-30,Tênis,Calçados,2,248.89
2024-10-01,Boné,Acessórios,4,169.09
2024-10-01,Boné,Acessórios,2,59.56
2024-10-01,Jaqueta,Roupas,2,42.66
2024-10-02,Calça Jeans,Roupas,2,63.06
2024-10-03,Tênis,Calçados,2,293.17
2024-10-03,Tênis,Calçados,1,181.05
2024-10-03,Meia,Acessórios,2,107.84
2024-10-04,Boné,Acessórios,1,189.75
2024-10-04,Boné,Acessórios,2,68.95
2024-10-04,Calça Jeans,Roupas,3,131.63
2024-10-05,Meia,Acessórios,1,54.09
2024-10-06,Tênis,Calçados,4,57.85
2024-10-07,Meia,Acessórios,4,237.48
2024-10-07,Jaqueta,Roupas,1,282.21
2024-10-07,Jaqueta,Roupas,2,97.77
2024-10-07,Boné,Acessórios,4,80.49
2024-10-08,Tênis,Calçados,4,122.14
2024-10-08,Calça Jeans,Roupas,1,238.61
2024-10-09,Camiseta,Roupas,2,155.69
2024-10-09,Tênis,Calçados,1,193.46
2024-10-10,Camiseta,Roupas,3,86.97
2024-10-10,Calça Jeans,Roupas,1,53.99
2024-10-10,Boné,Acessórios,2,48.29
2024-10-11,Jaqueta,Roupas,1,162.64
2024-10-11,Camiseta,Roupas,1,192.26
2024-10-11,Jaqueta,Roupas,1,194.69
2024-10-11,Jaqueta,Roupas,2,139.3
2024-10-12,Meia,Acessórios,4,133.34
2024-10-12,Meia,Acessórios,3,122.97
2024-10-12,Jaqueta,Roupas,2,251.71
2024-10-13,Meia,Acessórios,2,289.87
2024-10-14,Tênis,Calçados,2,154.78
2024-10-14,Boné,Acessórios,2,92.75
2024-10-14,Tênis,Calçados,3,58.39
2024-10-15,Meia,Acessórios,1,110.58
2024-10-15,Tênis,Calçados,2,196.2
2024-10-15,Meia,Acessórios,2,38.09
2024-10-16,Jaqueta,Roupas,1,50.73
2024-10-16,Jaqueta,Roupas,3,147.23
2024-10-16,Jaqueta,Roupas,4,47.46
2024-10-16,Tênis,Calçados,2,62.01
2024-10-17,Jaqueta,Roupas,2,153.29
2024-10-17,Camiseta,Roupas,1,130.45
2024-10-17,Boné,Acessórios,2,239.8
2024-10-17,Meia,Acessórios,1,287.49
2024-10-18,Camiseta,Roupas,1,212.68
2024-10-19,Meia,Acessórios,1,255.44
2024-10-19,Tênis,Calçados,4,272.49
2024-10-19,Meia,Acessórios,4,198.42
2024-10-19,Tênis,Calçados,4,270.63
2024-10-20,Camiseta,Roupas,3,269.03
2024-10-20,Meia,Acessórios,3,49.59
2024-10-20,Jaqueta,Roupas,1,144.12
2024-10-20,Meia,Acessórios,4,43.74
2024-10-21,Camiseta,Roupas,1,244.6
2024-10-21,Calça Jeans,Roupas,4,29.96
2024-10-21,Jaqueta,Roupas,1,128.53
2024-10-22,Boné,Acessórios,4,117.92
2024-10-22,Calça Jeans,Roupas,3,239.48
2024-10-22,Calça Jeans,Roupas,3,135.4
2024-10-23,Boné,Acessórios,2,234.02
2024-10-24,Tênis,Calçados,2,43.13
2024-10-24,Jaqueta,Roupas,1,102.72
2024-10-24,Camiseta,Roupas,1,126.94
2024-10-24,Tênis,Calçados,3,53.99
2024-10-25,Jaqueta,Roupas,2,39.39
2024-10-25,Camiseta,Roupas,2,153.91
2024-10-26,Tênis,Calçados,2,243.64
2024-10-26,Jaqueta,Roupas,3,294.39
2024-10-26,Boné,Acessórios,1,183.08
2024-10-27,Jaqueta,Roupas,2,55.87
2024-10-27,Camiseta,Roupas,4,187.59
2024-10-27,Camiseta,Roupas,1,125.28
2024-10-28,Jaqueta,Roupas,2,191.62
2024-10-28,Boné,Acessórios,4,87.39
2024-10-29,Jaqueta,Roupas,4,158.89
2024-10-30,Meia,Acessórios,3,208.01
2024-10-31,Camiseta,Roupas,4,277.3
2024-10-31,Tênis,Calçados,1,231.41
2024-11-01,Boné,Acessórios,4,229.49
2024-11-02,Jaqueta,Roupas,4,69.68
2024-11-02,Boné,Acessórios,2,295.71
2024-11-03,Jaqueta,Roupas,1,223.83
2024-11-03,Tênis,Calçados,1,211.88
2024-11-04,Calça Jeans,Roupas,2,79.78
2024-11-04,Calça Jeans,Roupas,3,255.4
2024-11-04,Meia,Acessórios,2,171.83
2024-11-04,Meia,Acessórios,1,162.34
2024-11-05,Boné,Acessórios,3,62.44
2024-11-05,Boné,Acessórios,3,181.61
2024-11-05,Camiseta,Roupas,4,141.46
2024-11-06,Tênis,Calçados,2,22.61
2024-11-06,Camiseta,Roupas,4,223.41
2024-11-06,Camiseta,Roupas,4,47.77
2024-11-06,Tênis,Calçados,2,77.13
2024-11-07,Meia,Acessórios,4,248.23
2024-11-07,Calça Jeans,Roupas,3,212.61
2024-11-08,Meia,Acessórios,1,175.18
2024-11-08,Boné,Acessórios,2,233.08
2024-11-08,Boné,Acessórios,4,228.81
2024-11-08,Boné,Acessórios,1,288.26
2024-11-09,Jaqueta,Roupas,3,231.75
2024-11-10,Boné,Acessórios,4,160.57
2024-11-10,Tênis,Calçados,4,127.91
2024-11-10,Jaqueta,Roupas,4,238.51
2024-11-11,Calça Jeans,Roupas,2,129.63
2024-11-11,Meia,Acessórios,2,214.77
2024-11-12,Tênis,Calçados,2,66.73
2024-11-13,Camiseta,Roupas,1,46.04
2024-11-13,Jaqueta,Roupas,1,199.85
2024-11-13,Meia,Acessórios,4,83.12
2024-11-13,Jaqueta,Roupas,4,34.79
2024-11-14,Tênis,Calçados,2,245.4
2024-11-14,Jaqueta,Roupas,4,110.19
2024-11-14,Boné,Acessórios,3,36.39
2024-11-14,Meia,Acessórios,4,239.77
2024-11-15,Meia,Acessórios,3,251.04
2024-11-15,Calça Jeans,Roupas,4,124.57
2024-11-16,Camiseta,Roupas,3,86.04
2024-11-16,Jaqueta,Roupas,1,187.5
2024-11-17,Calça Jeans,Roupas,1,281.27
2024-11-17,Meia,Acessórios,1,137.95
2024-11-17,Jaqueta,Roupas,4,239.98
2024-11-18,Boné,Acessórios,3,255.14
2024-11-18,Calça Jeans,Roupas,3,180.12
2024-11-18,Meia,Acessórios,1,178.35
2024-11-19,Tênis,Calçados,3,27.34
2024-11-19,Camiseta,Roupas,2,252.88
2024-11-20,Boné,Acessórios,1,280.29
2024-11-21,Meia,Acessórios,3,92.6
2024-11-21,Boné,Acessórios,2,264.36
2024-11-21,Meia,Acessórios,4,72.11
2024-11-22,Meia,Acessórios,2,282.46
2024-11-23,Boné,Acessórios,2,42.57
2024-11-23,Tênis,Calçados,3,142.32
2024-11-23,Camiseta,Roupas,4,234.34
2024-11-23,Boné,Acessórios,2,190.86
2024-11-24,Camiseta,Roupas,3,278.33
2024-11-24,Camiseta,Roupas,4,23.75
2024-11-24,Jaqueta,Roupas,2,99.01
2024-11-24,Jaqueta,Roupas,3,89.15
2024-11-25,Boné,Acessórios,4,292.95
2024-11-25,Boné,Acessórios,3,145.93
2024-11-25,Meia,Acessórios,2,38.3
2024-11-25,Meia,Acessórios,4,29.41
2024-11-26,Tênis,Calçados,2,177.36
2024-11-26,Meia,Acessórios,4,108.25
2024-11-26,Calça Jeans,Roupas,3,44.2
2024-11-26,Tênis,Calçados,4,205.86
2024-11-27,Meia,Acessórios,2,251.8
2024-11-27,Boné,Acessórios,1,158.45
2024-11-27,Meia,Acessórios,2,60.59
2024-11-27,Tênis,Calçados,1,178.29
2024-11-28,Calça Jeans,Roupas,1,285.17
2024-11-28,Jaqueta,Roupas,1,71.24
2024-11-28,Camiseta,Roupas,2,221.6
2024-11-29,Tênis,Calçados,1,258.17
2024-11-29,Camiseta,Roupas,1,294.54
2024-11-29,Meia,Acessórios,2,133.11
2024-11-30,Camiseta,Roupas,3,218.19
2024-11-30,Camiseta,Roupas,2,42.88
2024-11-30,Boné,Acessórios,2,155.71
2024-12-01,Meia,Acessórios,2,205.97
2024-12-02,Tênis,Calçados,2,149.44
2024-12-03,Calça Jeans,Roupas,1,229.8
2024-12-03,Jaqueta,Roupas,4,240.35
2024-12-03,Boné,Acessórios,4,119.67
2024-12-03,Calça Jeans,Roupas,4,242.32
2024-12-04,Meia,Acessórios,4,172.56
2024-12-05,Boné,Acessórios,4,165.43
2024-12-05,Meia,Acessórios,3,266.28
2024-12-05,Jaqueta,Roupas,2,86.86
2024-12-05,Camiseta,Roupas,4,295.8
2024-12-06,Camiseta,Roupas,3,174.7
2024-12-06,Boné,Acessórios,3,274.58
2024-12-07,Tênis,Calçados,4,243.54
2024-12-08,Jaqueta,Roupas,3,250.19
2024-12-08,Tênis,Calçados,3,237.17
2024-12-08,Calça Jeans,Roupas,3,77.05
2024-12-09,Jaqueta,Roupas,4,232.09
2024-12-09,Meia,Acessórios,1,107.46
2024-12-10,Boné,Acessórios,4,165.65
2024-12-11,Jaqueta,Roupas,2,242.11
2024-12-11,Calça Jeans,Roupas,1,273.72
2024-12-11,Tênis,Calçados,3,295.39
2024-12-11,Camiseta,Roupas,4,76.56
2024-12-12,Meia,Acessórios,4,203.2
2024-12-12,Calça Jeans,Roupas,1,143.29
2024-12-12,Boné,Acessórios,2,43.37
2024-12-12,Camiseta,Roupas,4,227.12
2024-12-13,Camiseta,Roupas,3,155.9
2024-12-13,Meia,Acessórios,1,223.05
2024-12-13,Tênis,Calçados,4,299.18
2024-12-14,Calça Jeans,Roupas,3,56.35
2024-12-14,Meia,Acessórios,1,46.05
2024-12-15,Camiseta,Roupas,4,269.27
2024-12-15,Boné,Acessórios,2,224.82
2024-12-15,Meia,Acessórios,4,260.29
2024-12-15,Jaqueta,Roupas,2,171.42
2024-12-16,Jaqueta,Roupas,4,296.66
2024-12-16,Tênis,Calçados,3,202.47
2024-12-16,Camiseta,Roupas,1,91.21
2024-12-17,Calça Jeans,Roupas,4,113.86
2024-12-17,Tênis,Calçados,4,219.36
2024-12-18,Tênis,Calçados,2,221.34
2024-12-18,Calça Jeans,Roupas,4,273.5
2024-12-18,Calça Jeans,Roupas,3,73.55
2024-12-18,Calça Jeans,Roupas,1,141.94
2024-12-19,Boné,Acessórios,1,255.61
2024-12-19,Calça Jeans,Roupas,2,294.15
2024-12-19,Calça Jeans,Roupas,1,55.35
2024-12-19,Tênis,Calçados,2,108.18
2024-12-20,Jaqueta,Roupas,3,68.97
2024-12-20,Camiseta,Roupas,4,83.61
2024-12-20,Calça Jeans,Roupas,4,262.59
2024-12-20,Boné,Acessórios,3,79.54
2024-12-21,Camiseta,Roupas,1,134.33
2024-12-21,Jaqueta,Roupas,2,273.01
2024-12-21,Camiseta,Roupas,3,246.07
2024-12-22,Meia,Acessórios,3,92.88
2024-12-22,Camiseta,Roupas,2,207.81
2024-12-22,Calça Jeans,Roupas,3,129.13
2024-12-22,Boné,Acessórios,2,83.48
2024-12-23,Boné,Acessórios,3,135.57
2024-12-24,Boné,Acessórios,3,138.31
2024-12-24,Camiseta,Roupas,4,227.17
2024-12-24,Tênis,Calçados,2,98.41
2024-12-25,Camiseta,Roupas,3,292.38
2024-12-25,Calça Jeans,Roupas,2,215.81
2024-12-25,Jaqueta,Roupas,4,294.9
2024-12-25,Boné,Acessórios,3,176.57
2024-12-26,Camiseta,Roupas,4,197.82
2024-12-26,Jaqueta,Roupas,2,81.16
2024-12-26,Meia,Acessórios,1,39.14
2024-12-26,Camiseta,Roupas,2,32.91
2024-12-27,Jaqueta,Roupas,1,250.87
2024-12-28,Calça Jeans,Roupas,1,103.98
2024-12-29,Camiseta,Roupas,4,38.06
2024-12-29,Jaqueta,Roupas,4,265.63
2024-12-30,Boné,Acessórios,2,269.84
2024-12-31,Meia,Acessórios,2,242.48
2024-12-31,Boné,Acessórios,4,183.19
2024-12-31,Boné,Acessórios,2,180.54
